wl (nm),n,k
300.594336025855,1.81869770168029,1.07694943170643
301.378334764977,1.82050222429292,1.07542572421544
302.162333504099,1.82227464039324,1.0738824813718
302.946332243222,1.82401478965539,1.07231991762324
303.730330982343,1.82572251227526,1.07073824816876
304.514329721465,1.82739764896443,1.06913768897324
305.298328460587,1.82904004094416,1.06751845678238
306.08232719971,1.83064952993963,1.0658807691378
306.866325938832,1.83222595817434,1.06422484439228
307.650324677954,1.83376916836468,1.06255090172525
308.434323417076,1.83527900371472,1.06085916115844
309.218322156198,1.83675530791116,1.05914984357178
310.00232089532,1.83819792511845,1.05742317071945
310.786319634442,1.83960669997415,1.05567936524618
311.570318373564,1.8409814775844,1.05391865070379
312.354317112687,1.84232210351968,1.05214125156784
313.138315851809,1.84362842381065,1.05034739325466
313.922314590931,1.84490028494431,1.04853730213849
314.706313330053,1.84613753386024,1.04671120556886
315.490312069175,1.84734001794711,1.04486933188831
316.274310808297,1.84850758503938,1.04301191045023
317.058309547419,1.84964008341423,1.04113917163697
317.842308286541,1.85073736178858,1.03925134687832
318.626307025663,1.85179926931653,1.03734866867004
319.410305764785,1.85282565558678,1.03543137059284
320.194304503907,1.85381637062047,1.0334996873315
320.978303243029,1.8547712648691,1.03155385469436
321.762301982151,1.85569018921277,1.02959410963294
322.546300721273,1.85657299495854,1.02762069026205
323.330299460395,1.8574195338392,1.02563383587995
324.114298199517,1.85822965801203,1.02363378698901
324.898296938639,1.85900322005807,1.02162078531651
325.682295677761,1.85974007298143,1.01959507383581
326.466294416884,1.86044007020895,1.01755689678787
327.250293156006,1.86110306559006,1.01550649970295
328.034291895128,1.861728913397,1.01344412942277
328.81829063425,1.86231746832519,1.01137003412291
329.602289373372,1.86286858549391,1.00928446333554
330.386288112494,1.86338212044734,1.00718766797255
331.170286851616,1.8638579291557,1.00507990034892
331.954285590738,1.86429586801694,1.00296141420652
332.738284329861,1.86469579385845,1.00083246473825
333.522283068983,1.86505756393927,0.998693308612473
334.306281808104,1.86538103595254,0.99654420399791
335.090280547226,1.86566606802827,0.994385410588828
335.874279286349,1.8659125187364,0.992217189630661
336.658278025471,1.8661202470903,0.990039803945975
337.442276764592,1.86628911255049,0.987853517960848
338.226275503715,1.86641897502877,0.985658597731645
339.010274242837,1.8665096948927,0.983455310972197
339.794272981959,1.86656113297045,0.981243927081385
340.578271721081,1.86657315055602,0.979024717171152
341.362270460203,1.86654560941484,0.976797954094954
342.146269199326,1.86647837178976,0.974563912476617
342.930267938448,1.86637130040749,0.972322868739655
343.71426667757,1.86622425848541,0.970075101137038
344.498265416691,1.86603710973878,0.967820889781426
345.282264155814,1.86580971838848,0.965560516675836
346.066262894936,1.86554194916913,0.963294265744824
346.850261634058,1.86523366733768,0.96102242286612
347.63426037318,1.86488473868251,0.958745275902764
348.418259112302,1.86449502953292,0.956463114735766
349.202257851424,1.86406440676933,0.954176231297198
349.986256590546,1.8635927378337,0.951884919603913
350.770255329668,1.86307989074074,0.949589475791701
351.55425406879,1.86252573408954,0.947290198150015
352.338252807912,1.86193013707574,0.944987387157237
353.122251547035,1.86129296950438,0.942681345516511
353.906250286157,1.86061410180323,0.940372378192109
354.690249025279,1.85989340503676,0.938060792446419
355.474247764401,1.85913075092081,0.93574689787745
356.258246503523,1.85832601183782,0.933431006456996
357.042245242644,1.85747906085272,0.931113432569373
357.826243981767,1.85658977172958,0.928794493050758
358.610242720889,1.85565801894886,0.926474507229205
359.394241460011,1.85468367772552,0.92415379696522
360.178240199133,1.85366662402775,0.921832686693035
360.962238938255,1.85260673459647,0.919511503462584
361.746237677377,1.85150388696577,0.917190576982017
362.530236416499,1.850357959484,0.914870239661023
363.314235155622,1.84916883133574,0.912550826654806
364.098233894744,1.84793638256477,0.910232675908725
364.882232633866,1.84666049409771,0.907916128203716
365.666231372988,1.84534104776879,0.905601527202394
366.45023011211,1.84397792634542,0.903289219495936
367.234228851232,1.84257101355485,0.900979554651683
368.018227590354,1.84112019411178,0.89867288526154
368.802226329476,1.83962535374707,0.896369566991132
369.586225068598,1.83808637923742,0.894069958629782
370.37022380772,1.83650315843633,0.891774422141267
371.154222546842,1.83487558030605,0.889483322715413
371.938221285965,1.83320353495086,0.887197028820509
372.722220025086,1.83148691365142,0.884915912256598
373.506218764209,1.82972560890058,0.882640348209578
374.290217503331,1.82791951444032,0.880370715306249
375.074216242452,1.82606852530021,0.878107395670162
375.858214981574,1.82417253783709,0.87585077497846
376.642213720697,1.82223144977637,0.873601242519559
377.426212459819,1.82024516025473,0.871359191251823
378.210211198941,1.81821356986444,0.869125017863128
378.994209938063,1.81613658069916,0.866899122831417
379.778208677185,1.81401409640158,0.86468191048623
380.562207416307,1.81184602221261,0.86247378907119
381.34620615543,1.80963226502244,0.860275170807522
382.130204894551,1.80737273342345,0.858086471958564
382.914203633673,1.80506733776496,0.855908112895294
383.698202372795,1.80271599021001,0.853740518162929
384.482201111918,1.80031860479417,0.851584116548534
385.266199851039,1.79787509748647,0.84943934114973
386.050198590161,1.79538538625254,0.847306629444426
386.834197329284,1.79284939111997,0.845186423361701
387.618196068406,1.79026703424613,0.843079169353719
388.402194807528,1.78763823998835,0.840985318468783
389.18619354665,1.78496293497666,0.838905326425477
389.970192285772,1.7822410481892,0.836839653687962
390.754191024894,1.7794725110303,0.83478876554236
391.538189764016,1.77665725741142,0.832753132174296
392.322188503138,1.77379522383511,0.830733228747546
393.106187242261,1.77088634948178,0.828729535483877
393.890185981382,1.7679305763,0.826742537743957
394.674184720504,1.76492784909972,0.824772726109452
395.458183459626,1.76187811564911,0.822820596466246
396.242182198749,1.75878132677493,0.820886650088782
397.02618093787,1.75563743646654,0.81897139372554
397.810179676993,1.75244640198363,0.817075339685617
398.594178416115,1.74920818396821,0.815199005926392
399.378177155237,1.74592274656033,0.813342916142333
400.162175894359,1.74259005751841,0.811507599854792
400.946174633481,1.73921008834384,0.80969359250289
401.730173372604,1.73578281441024,0.807901435535397
402.514172111726,1.73230821509755,0.806131676503613
403.298170850847,1.72878627393108,0.804384869155157
404.082169589969,1.72521697872573,0.802661573528697
404.866168329091,1.72160032173562,0.800962356049521
405.650167068213,1.71793629980932,0.799287789625889
406.434165807336,1.71422491455087,0.797638453746155
407.218164546457,1.71046617248685,0.796014934576561
408.00216328558,1.70666008523978,0.794417825059572
408.786162024702,1.70280666970793,0.792847725012828
409.570160763824,1.698905948252,0.791305241228396
410.354159502945,1.69495794888884,0.789790987572415
411.138158242068,1.69096270549246,0.788305585084904
411.92215698119,1.68692025800256,0.78684966207969
412.706155720312,1.68283065264122,0.785423854244173
413.490154459435,1.67869394213732,0.784028804739007
414.274153198556,1.67451018595999,0.782665164297294
415.058151937678,1.67027945056049,0.78133359132324
415.842150676801,1.66600180962351,0.780034751990062
416.626149415923,1.66167734432782,0.778769320336938
417.410148155045,1.6573061436168,0.777537978364675
418.194146894166,1.65288830447937,0.776341416129971
418.97814563329,1.64842393224129,0.775180331837893
419.762144372412,1.64391314086762,0.774055431932333
420.546143111533,1.63935605327652,0.772967431184057
421.330141850655,1.63475280166477,0.771917052776056
422.114140589777,1.63010352784562,0.770905028385805
422.8981393289,1.62540838359922,0.769932098263949
423.682138068021,1.62066753103611,0.768999011309065
424.466136807144,1.61588114297411,0.768106525138022
425.250135546266,1.61104940332944,0.767255406151287
426.034134285388,1.60617250752187,0.76644642959286
426.818133024509,1.60125066289496,0.765680379604017
427.602131763631,1.59628408915155,0.764958049270355
428.386130502753,1.59127301880505,0.764280240661421
429.170129241876,1.5862176976468,0.76364776486222
429.954127980998,1.58111838523037,0.763061441995769
430.738126720121,1.57597535537268,0.762522101235928
431.522125459242,1.57078889667296,0.762030580809585
432.306124198364,1.56555931304956,0.761587727987195
433.090122937486,1.56028692429528,0.761194399060804
433.874121676609,1.55497206665146,0.76085145930833
434.658120415731,1.54961509340135,0.760559782943048
435.442119154853,1.544216375483,0.76032025304705
436.226117893975,1.53877630212215,0.760133761487373
437.010116633097,1.53329528148522,0.760001208813464
437.794115372219,1.52777374135286,0.759923504134524
438.578114111342,1.52221212981417,0.759901564975223
439.362112850463,1.51661091598172,0.759936317108165
440.146111589585,1.51097059072753,0.760028694361472
440.930110328707,1.50529166744015,0.760179638399595
441.714109067829,1.4995746828025,0.76039009847568
442.498107806951,1.49382019759079,0.760661031153298
443.282106546073,1.48802879749382,0.760993399995778
444.066105285195,1.48220109395277,0.761388175220769
444.850104024317,1.47633772502086,0.761846333317938
445.634102763439,1.47043935624233,0.762368856627526
446.418101502562,1.46450668155008,0.762956732877286
447.202100241684,1.45854042418122,0.763610954675433
447.986098980805,1.4525413376095,0.764332518956929
448.770097719928,1.44651020649326,0.765122426380729
449.55409645905,1.4404478476381,0.765981680674936
450.338095198172,1.43435511097203,0.766911287927555
451.122093937294,1.42823288053192,0.767912255819713
451.906092676416,1.4220820754589,0.76898559279874
452.690091415538,1.41590365100086,0.770132307188109
453.47409015466,1.40969859951905,0.771353406231584
454.258088893782,1.40346795149647,0.772649895068559
455.042087632905,1.39721277654508,0.774022775637771
455.826086372026,1.3909341844079,0.77547304550685
456.610085111148,1.38463332595313,0.777001696624702
457.39408385027,1.37831139415585,0.778609713994392
458.178082589394,1.3719696250632,0.7802980742639
458.962081328514,1.3656092987384,0.782067744232592
459.746080067638,1.35923174017874,0.783919679271116
460.53007880676,1.35283832020232,0.785854821653001
461.314077545881,1.34643045629768,0.787874098796302
462.098076285004,1.34000961343068,0.789978421413949
462.882075024125,1.33357730480247,0.792168681571818
463.666073763247,1.32713509255149,0.794445750654115
464.450072502369,1.32068458839351,0.796810477235676
465.234071241491,1.3142274541918,0.799263684861855
466.018069980613,1.3077654024509,0.801806169736584
466.802068719736,1.30130019672593,0.804438698320321
467.586067458858,1.29483365194044,0.80716200483971
468.37006619798,1.28836763460453,0.809976788711954
469.154064937102,1.28190406292627,0.81288371188708
469.938063676224,1.27544490680823,0.815883396112394
470.722062415346,1.268992187722,0.818976420124085
471.506061154468,1.26254797845356,0.822163316771475
472.29005989359,1.25611440271237,0.825444570080627
473.074058632713,1.24969363459787,0.8288206122645
473.858057371834,1.24328789791773,0.832291820687663
474.642056110956,1.2368994653522,0.835858514794591
475.426054850078,1.23053065746078,0.83952095301082
476.210053589202,1.22418384152723,0.843279329627558
476.994052328322,1.217861430241,0.847133771680324
477.778051067445,1.21156588021373,0.851084335833121
478.562049806567,1.20529969033137,0.855131005279866
479.346048545689,1.19906539994345,0.859273686675186
480.130047284811,1.19286558689332,0.863512207106694
480.914046023933,1.18670286539474,0.867846311120739
481.698044763056,1.18057988376186,0.872275657813692
482.482043502178,1.17449932200267,0.876799817999675
483.2660422413,1.16846388928721,0.881418271465562
484.050040980421,1.1624763213055,0.88613040432218
484.834039719543,1.15653937753109,0.890935506460227
485.618038458665,1.15065583841101,0.89583276911624
486.402037197788,1.14482850250374,0.900821282553028
487.186035936909,1.13906018359135,0.905900033855347
487.970034676032,1.13335370779444,0.911067904838671
488.754033415154,1.1277119107224,0.916323670065092
489.538032154276,1.1221376346954,0.92166599495546
490.322030893399,1.116633726078,0.92709343398214
491.106029632519,1.11120303277024,0.932604428919508
491.890028371643,1.10584840190576,0.93819730712286
492.674027110765,1.10057267781416,0.94387027979662
493.458025849887,1.09537870031103,0.949621440202767
494.242024589007,1.09026930338868,0.955448761747074
495.026023328131,1.08524731439086,0.961350095865719
495.810022067252,1.08031555376993,0.967323169614235
496.594020806374,1.07547683554103,0.973365582837992
497.378019545497,1.07073396857338,0.979474804770413
498.162018284619,1.06608975888889,0.98564816986556
498.94601702374,1.06154701318161,0.991882872617319
499.730015762864,1.05710854383054,0.998175961044479
500.514014501984,1.0527771757612,1.00452432841985
501.298013241108,1.04855575563045,1.01092470267989
502.08201198023,1.04444716398333,1.01737363274391
502.866010719351,1.04045433129283,1.02386747066651
503.650009458473,1.03658025919804,1.03040234807549
504.434008197594,1.03282804890374,1.03697414460122
505.218006936717,1.02920093977964,1.04357844476976
506.00200567584,1.02570236307634,1.05021047768692
506.786004414962,1.02233601914749,1.05686502989636
507.570003154084,1.01910599348822,1.06353631396758
508.354001893206,1.01601694207599,1.07021775828578
509.138000632328,1.01307441446129,1.07690164098143
509.921999371451,1.01028549835838,1.08357836238978
510.705998110572,1.00766045910679,1.09023460763953
511.489996849694,1.00521987099014,1.09684177386884
512.273995588817,1.00293146184661,1.10332922171829
513.057994327937,1.000737557739,1.10971007082815
513.841993067061,0.998622559608126,1.11599890415123
514.625991806182,0.996576930196052,1.12220405898032
515.409990545306,0.994593618902405,1.12833140974757
516.193989284428,0.99266697655379,1.13438549546753
516.977988023549,0.990792264796646,1.14037002076523
517.761986762672,0.988965389936526,1.14628812302371
518.545985501792,0.98718274159964,1.15214253146181
519.329984240915,0.985441087226359,1.15793566926008
520.113982980036,0.983737499134455,1.1636697228178
520.897981719159,0.982069301901789,1.16934669072591
521.68198045828,0.980434033102235,1.1749684195557
522.465979197402,0.978829413186826,1.18053663071918
523.249977936525,0.977253321844646,1.18605294107509
524.033976675648,0.97570377908571,1.19151887903023
524.817975414769,0.974178929848799,1.19693589731784
525.601974153891,0.972677031294448,1.20230538327548
526.385972893013,0.971196442180865,1.20762866720714
527.169971632136,0.969735613880534,1.21290702925555
527.953970371258,0.968293082707503,1.21814170509977
528.737969110381,0.966867463304267,1.22333389071566
529.521967849502,0.965457442895173,1.22848474638048
530.305966588625,0.964061776255116,1.23359540006205
531.089965327746,0.962679281274453,1.23866695030232
531.873964066869,0.961308835024313,1.24370046868283
532.657962805991,0.959949370245819,1.24869700194099
533.441961545111,0.958599872200268,1.25365757379383
534.225960284234,0.95725937582881,1.25858318651467
535.009959023356,0.955926963179169,1.26347482229993
535.793957762479,0.954601761063754,1.26833344445736
536.577956501601,0.953282938919464,1.27315999844083
537.361955240723,0.951969706844102,1.27795541275339
538.145953979846,0.950661313787875,1.28272059973659
538.929952718966,0.949357045882005,1.28745645626095
539.713951458088,0.94805622488859,1.29216386433104
540.49795019721,0.946758206758488,1.29684369161545
541.281948936332,0.945462380285284,1.30149679191187
542.065947675455,0.944168165845514,1.30612400555471
542.849946414577,0.942875014216095,1.31072615977276
543.6339451537,0.941582405461279,1.31530406900269
544.417943892822,0.940289847882367,1.31985853516381
545.201942631944,0.938996877024134,1.32439034789881
545.985941371066,0.937703054732861,1.32890028478404
546.769940110189,0.936407968260745,1.33338911151393
547.553938849309,0.935111229413359,1.33785758206134
548.337937588433,0.933812473735639,1.34230643881784
549.121936327554,0.932511359733543,1.34673641271563
549.905935066677,0.931207568128269,1.35114822333364
550.689933805798,0.929900801140467,1.35554257898958
551.47393254492,0.928590781801819,1.35992017681998
552.257931284043,0.927277253292177,1.36428170284938
553.041930023165,0.925959978300097,1.36862783205035
553.825928762287,0.924638738405113,1.37295922839558
554.609927501407,0.923313333480015,1.37727654490325
555.39392624053,0.921983581112076,1.38158042367638
556.177924979654,0.920649316041553,1.38587149593748
556.961923718775,0.919310389616535,1.39015038205908
557.745922457896,0.917966669262975,1.39441769159117
558.529921197019,0.916618037969072,1.39867402328583
559.31391993614,0.915264393782939,1.40291996512014
560.097918675263,0.913905649323011,1.40715609431762
560.881917414384,0.912541731300376,1.41138297736872
561.665916153506,0.911172580052248,1.41560117005125
562.44991489263,0.909798149086314,1.41981121745043
563.233913631752,0.90841840463517,1.42401365397963
564.017912370872,0.90703332522032,1.42820900340203
564.801911109996,0.905642901225776,1.43239777885291
565.585909849116,0.904247134480143,1.4365804828638
566.36990858824,0.902846037847529,1.44075760738796
567.153907327361,0.901439634826433,1.44492963382798
567.937906066485,0.900027959156686,1.44909703306531
568.721904805605,0.898611054434102,1.4532602654919
569.505903544729,0.897188973732314,1.45741978104482
570.28990228385,0.895761779232101,1.46157601924278
571.073901022973,0.8943295418576,1.46572940922585
571.857899762094,0.89289234091942,1.46988036979779
572.641898501217,0.891450263764497,1.47402930947126
573.425897240338,0.890003405432449,1.47817662651625
574.209895979459,0.888551868318552,1.48232270901121
574.993894718583,0.887095761842944,1.48646793489756
575.777893457705,0.885635202126185,1.49061267203722
576.561892196826,0.884170311670906,1.49475727827341
577.345890935949,0.882701219049684,1.49890210149458
578.12988967507,0.881228058598979,1.50304747970136
578.913888414193,0.879750970118936,1.50719374107704
579.697887153315,0.878270098579274,1.51134120406099
580.481885892438,0.876785593831004,1.51549017742528
581.265884631558,0.875297610324078,1.51964096035439
582.049883370681,0.873806306830723,1.52379384252829
582.833882109804,0.8723118461749,1.52794910420785
583.617880848924,0.870814394967104,1.53210701632422
584.401879588046,0.869314123345279,1.53626784057033
585.18587832717,0.867811204721309,1.5404318294956
585.969877066291,0.866305815533195,1.5445992266035
586.753875805414,0.864798135003038,1.54877026645163
587.537874544535,0.863288344900567,1.5529451747546
588.321873283658,0.861776629312425,1.55712416848942
589.10587202278,0.860263174417039,1.56130745600329
589.889870761903,0.858748168265062,1.56549523712401
590.673869501024,0.857231800565554,1.5696877032723
591.457868240147,0.855714262477564,1.57388503757669
592.241866979268,0.854195746407473,1.5780874149901
593.02586571839,0.852676445811601,1.58229500240893
593.809864457512,0.85115655500461,1.58650795879346
594.593863196633,0.849636268973226,1.59072643529031
595.377861935757,0.848115783195341,1.59495057535681
596.16186067488,0.846595293464835,1.5991805148862
596.945859414,0.845074995721457,1.6034163823351
597.729858153122,0.843555085886237,1.6076582988518
598.513856892245,0.842035759702216,1.61190637840592
599.297855631367,0.840517212580467,1.61616072791907
600.081854370489,0.838999639451262,1.62042144739675
600.865853109611,0.837483234620549,1.62468863006086
601.649851848732,0.835968191631502,1.62896236248321
602.433850587856,0.834454703131251,1.63324272471948
603.217849326978,0.832942960742579,1.6375297904439
604.001848066101,0.831433154940666,1.64182362708435
604.785846805222,0.829925474934844,1.64612429595752
605.569845544345,0.828420108554992,1.65043185240494
606.353844283466,0.82691724214314,1.65474634592825
607.137843022586,0.825417060449418,1.65906782032535
607.92184176171,0.823919746533058,1.66339631382582
608.705840500833,0.822425481667732,1.66773185922658
609.489839239953,0.820934445251726,1.67207448402692
610.273837979076,0.819446814722301,1.67642421056359
611.057836718197,0.817962765474764,1.68078105614488
611.841835457321,0.816482470785631,1.68514503318473
612.625834196443,0.815006101740241,1.68951614933561
613.409832935565,0.813533827164448,1.69389440762109
614.193831674686,0.812065813560356,1.6982798065676
614.97783041381,0.810602225046317,1.70267234033484
615.76182915293,0.809143223300611,1.7070719988457
616.545827892052,0.80768896750905,1.71147876791507
617.329826631174,0.80623961431651,1.71589262937715
618.113825370296,0.804795317781895,1.72031356121213
618.89782410942,0.803356229336942,1.72474153767108
619.68182284854,0.80192249774834,1.72917652939993
620.465821587662,0.800494269083367,1.73361850356197
621.249820326783,0.79907168667893,1.73806742395864
622.033819065907,0.797654891113668,1.74252325114931
622.817817805029,0.796244020183397,1.7469859425691
623.601816544152,0.794839208879493,1.75145545264542
624.385815283274,0.793440589370331,1.75593173291266
625.169814022396,0.792048290985581,1.76041473212534
625.953812761518,0.79066244020328,1.76490439636955
626.737811500638,0.789283160639695,1.76940066917252
627.521810239761,0.787910573041701,1.77390349161063
628.305808978882,0.786544795281804,1.77841280241529
629.089807718007,0.785185942355496,1.78292853807743
629.873806457128,0.783834126381089,1.78745063294961
630.65780519625,0.782489456601713,1.79197901934673
631.441803935371,0.781152039389577,1.79651362764452
632.225802674493,0.779821978252333,1.80105438637614
633.009801413617,0.778499373841359,1.80560122232716
633.793800152738,0.777184323962142,1.81015406062806
634.57779889186,0.775876923586395,1.81471282484526
635.361797630981,0.774577264865956,1.81927743706997
636.145796370104,0.773285437148459,1.82384781800507
636.929795109226,0.772001526994526,1.82842388705009
637.713793848349,0.770725618196622,1.83300556238409
638.49779258747,0.769457791799224,1.8375927610468
639.281791326592,0.768198126120514,1.84218539901754
640.065790065713,0.766946696775302,1.84678339129241
640.849788804836,0.765703576699247,1.85138665195938
641.63378754396,0.764468836174288,1.85599509427131
642.417786283082,0.763242542855052,1.86060863071748
643.201785022202,0.762024761796481,1.86522717309267
643.985783761326,0.760815555482284,1.86985063256476
644.769782500446,0.759614983854395,1.87447891974015
645.553781239568,0.758423104343278,1.87911194472743
646.337779978691,0.757239971898995,1.88374961719915
647.121778717813,0.756065639023058,1.8883918464517
647.905777456937,0.754900155800814,1.89303854146371
648.689776196057,0.753743569934725,1.89768961095193
649.47377493518,0.752595926777929,1.90234496342615
650.257773674303,0.751457269368502,1.90700450724179
651.041772413424,0.750327638464082,1.91166815065112
651.825771152547,0.749207072577074,1.91633580185227
652.60976989167,0.748095608009966,1.9210073690373
653.393768630792,0.746993278891208,1.92568276043794
654.177767369912,0.745900117211253,1.93036188437006
654.961766109034,0.744816152858887,1.93504464927639
655.745764848156,0.743741413657681,1.93973096376782
656.529763587278,0.742675925402734,1.94442073666288
657.313762326401,0.741619711897401,1.94911387702601
658.097761065522,0.740572794990214,1.95381029420407
658.881759804643,0.739535194611746,1.95850989786167
659.665758543765,0.738506928811595,1.9632125980148
660.449757282887,0.737488013795316,1.96791830506313
661.233756022012,0.736478463961264,1.97262692982112
662.017754761131,0.735478291937467,1.97733838354738
662.801753500255,0.734487508618225,1.98205257797334
663.585752239378,0.733506123200796,1.9867694253299
664.369750978499,0.732534143221772,1.99148883837339
665.15374971762,0.73157157459329,1.9962107304101
665.937748456742,0.730618421639166,2.0009350153195
666.721747195866,0.729674687130611,2.00566160757657
667.505745934989,0.728740372321892,2.01039042227271
668.28974467411,0.727815476985642,2.01512137513566
669.073743413232,0.726899999447867,2.01985438254847
669.857742152354,0.72599393662274,2.02458936156708
670.641740891475,0.725097284046987,2.02932622993734
671.4257396306,0.724210035914012,2.03406490611063
672.209738369719,0.723332185107683,2.03880530925866
672.993737108844,0.722463723235741,2.04354735928741
673.777735847966,0.721604640662843,2.04829097684997
674.561734587087,0.720754926543192,2.05303608335885
675.345733326208,0.719914568852919,2.05778260099685
676.129732065329,0.719083554421849,2.06253045272783
676.913730804454,0.7182618689651,2.06727956230596
677.697729543574,0.717449497114088,2.0720298542846
678.481728282698,0.71664642244719,2.07678125402448
679.265727021819,0.715852627519966,2.08153368770085
680.049725760941,0.715068093894977,2.08628708231012
680.833724500063,0.714292802171096,2.09104136567584
681.617723239184,0.713526732012481,2.09579646645382
682.401721978306,0.712769862176985,2.10055231413693
683.185720717428,0.712022170544238,2.10530883905887
683.969719456551,0.711283634143175,2.1100659723978
684.753718195672,0.710554229179164,2.11482364617906
685.537716934797,0.709833931060665,2.11958179327754
686.321715673918,0.709122714425485,2.12434034741924
687.105714413039,0.708420553166465,2.12909924318276
687.889713152161,0.707727420456826,2.13385841599992
688.673711891282,0.707043288774964,2.13861780215612
689.457710630407,0.706368129928892,2.14337733879008
690.241709369528,0.705701915080119,2.14813696389331
691.025708108649,0.705044614767184,2.152896616309
691.809706847772,0.7043961989286,2.15765623573085
692.593705586895,0.703756636925517,2.16241576270097
693.377704326015,0.703125897563841,2.16717513860779
694.161703065136,0.702503949115838,2.17193430568381
694.945701804259,0.701890759341504,2.17669320700234
695.729700543382,0.701286295509263,2.18145178647474
696.513699282503,0.700690524416419,2.18620998884663
697.297698021626,0.700103412409076,2.19096775969429
698.08169676075,0.69952492540159,2.19572504542078
698.865695499871,0.698955028895812,2.20048179325116
699.649694238992,0.698393687999573,2.20523795122862
700.433692978116,0.697840867445084,2.20999346820919
701.217691717238,0.697296531606744,2.21474829385688
702.001690456357,0.696760644518544,2.21950237863865
702.78568919548,0.696233169891164,2.2242556738188
703.569687934603,0.695714071128594,2.22900813145344
704.353686673727,0.695203311344378,2.23375970438476
705.137685412849,0.694700853377518,2.23851034623502
705.921684151968,0.69420665980793,2.24326001140054
706.705682891092,0.693720692971571,2.24800865504547
707.489681630211,0.693242914975187,2.25275623309528
708.273680369335,0.69277328771068,2.25750270223047
709.057679108457,0.692311772869142,2.26224801987975
709.841677847581,0.691858331954518,2.26699214421344
710.625676586703,0.691412926296921,2.27173503413656
711.409675325824,0.690975517065582,2.27647664928208
712.193674064947,0.690546065281543,2.28121695000367
712.977672804067,0.690124531829895,2.28595589736884
713.761671543192,0.68971087747184,2.29069345315159
714.545670282312,0.689305062856275,2.29542957982528
715.329669021435,0.688907048531156,2.30016424055551
716.113667760558,0.688516794954573,2.30489739919249
716.89766649968,0.688134262505428,2.30962902026387
717.681665238801,0.687759411493887,2.31435906896736
718.465663977924,0.687392202171524,2.31908751116319
719.249662717043,0.687032594741197,2.32381431336656
720.033661456166,0.68668054936655,2.32853944274047
720.817660195289,0.686336026181369,2.33326286708788
721.601658934413,0.685998985298586,2.33798455484433
722.385657673534,0.685669386819032,2.34270447507037
723.169656412654,0.685347190839917,2.34742259744417
723.953655151775,0.685032357463098,2.35213889225383
724.737653890898,0.68472484680306,2.3568533303899
725.521652630021,0.684424618994659,2.36156588333786
726.305651369143,0.684131634200629,2.36627652317066
727.089650108264,0.683845852618816,2.37098522254128
727.873648847388,0.683567234489315,2.37569195467505
728.657647586509,0.683295740101178,2.38039669336241
729.441646325631,0.683031329799058,2.38509941295149
730.225645064754,0.682773963989597,2.38980008834061
731.009643803877,0.682523603147576,2.39449869497096
731.793642542997,0.682280207821902,2.39919520881925
732.577641282121,0.682043738641331,2.40388960639058
733.361640021242,0.681814156320071,2.40858186471094
734.145638760364,0.681591421663143,2.41327196132018
734.929637499485,0.68137549557156,2.41795987426477
735.713636238607,0.681166339047329,2.42264558209077
736.497634977732,0.68096391319829,2.42732906383658
737.281633716852,0.680768179242742,2.43201029902605
738.065632455973,0.680579098513932,2.43668926766151
738.849631195097,0.680396632464382,2.44136595021672
739.63362993422,0.680220742669985,2.44604032763016
740.41762867334,0.680051390834035,2.45071238129812
741.201627412461,0.679888538791089,2.45538209306783
741.985626151586,0.679732148510559,2.46004944523109
742.769624890707,0.679582182100348,2.46471442051714
743.55362362983,0.679438601810176,2.4693770020865
744.337622368953,0.679301370034828,2.4740371735243
745.121621108075,0.679170449317353,2.47869491883357
745.905619847195,0.679045802351922,2.48335022242926
746.689618586316,0.678927391986786,2.48800306913155
747.473617325438,0.678815181226937,2.49265344415976
748.257616064562,0.678709133236743,2.49730133312602
749.041614803684,0.678609211342446,2.50194672202905
749.825613542807,0.678515379034472,2.50658959724833
750.609612281927,0.678427599969731,2.5112299455378
751.39361102105,0.67834583797377,2.51586775401999
752.177609760172,0.678270057042762,2.52050301018016
752.961608499293,0.678200221345465,2.52513570186043
753.745607238418,0.678136295225074,2.52976581725395
754.529605977538,0.678078243200887,2.53439334489933
755.313604716661,0.678026029970028,2.53901827367482
756.097603455783,0.677979620408881,2.54364059279299
756.881602194903,0.677938979574642,2.54826029179492
757.665600934025,0.677904072706621,2.55287736054499
758.449599673148,0.677874865227518,2.55749178922546
759.233598412273,0.67785132274467,2.56210356833095
760.017597151392,0.677833411051075,2.5667126886635
760.801595890515,0.677821096126494,2.57131914132729
761.585594629635,0.677814344138379,2.57592291772338
762.369593368758,0.67781312144276,2.58052400954485
763.153592107882,0.67781739458506,2.58512240877165
763.937590847005,0.677827130300831,2.58971810766577
764.721589586127,0.677842295516417,2.59431109876641
765.505588325247,0.677862857349573,2.59890137488512
766.289587064368,0.677888783110027,2.60348892910103
767.07358580349,0.677920040299882,2.60807375475643
767.857584542614,0.677956596614165,2.61265584545173
768.641583281735,0.677998419941093,2.61723519504121
769.42558202086,0.678045478362374,2.62181179762872
770.209580759979,0.678097740153555,2.62638564756267
770.993579499103,0.678155173784108,2.63095673943237
771.777578238224,0.67821774791769,2.63552506806304
772.561576977346,0.678285431412124,2.64009062851224
773.34557571647,0.678358193319551,2.64465341606521
774.129574455589,0.678436002886407,2.64921342623081
774.913573194714,0.678518829553344,2.65377065473781
775.697571933836,0.678606642955206,2.65832509753039
776.481570672958,0.67869941292088,2.66287675076454
777.265569412078,0.678797109473123,2.66742561080401
778.0495681512,0.678899702828373,2.67197167421662
778.833566890325,0.679007163396508,2.67651493777032
779.617565629447,0.679119461780574,2.68105539842949
780.401564368566,0.67923656877645,2.68559305335141
781.185563107687,0.679358455372528,2.69012789988257
781.96956184681,0.679485092749348,2.69465993555498
782.753560585931,0.679616452279128,2.69918915808292
783.537559325053,0.679752505525403,2.70371556535923
784.321558064175,0.679893224242479,2.70823915545219
785.105556803301,0.680038580375031,2.7127599266018
785.889555542423,0.680188546057471,2.71727787721683
786.673554281543,0.680343093613479,2.72179300587141
787.457553020666,0.680502195555413,2.72630531130182
788.241551759786,0.680665824583685,2.73081479240338
789.025550498912,0.680833953586161,2.73532144822739
789.809549238032,0.681006555637496,2.739825277978
790.593547977152,0.681183603998527,2.74432628100918
791.377546716278,0.681365072115512,2.74882445682193
792.161545455398,0.681550933619482,2.75331980506112
792.945544194521,0.681741162325486,2.7578123255129
793.729542933645,0.68193573223188,2.76230201810162
794.513541672762,0.682134617519537,2.7667888828872
795.297540411884,0.6823377925511,2.77127292006247
796.081539151006,0.68254523187018,2.77575412995026
796.865537890131,0.68275691020056,2.78023251300092
797.649536629251,0.682972802445355,2.78470806978967
798.433535368373,0.683192883686227,2.78918080101404
799.217534107498,0.683417129182488,2.79365070749136
800.001532846618,0.683645514370265,2.79811779015628
800.78553158574,0.68387801486166,2.80258205005827
801.569530324862,0.68411460644381,2.80704348835941
802.353529063986,0.684355265078083,2.81150210633168
803.137527803107,0.684599966899068,2.81595790535509
803.921526542232,0.684848688213787,2.82041088691497
804.705525281351,0.68510140550068,2.82486105260001
805.489524020472,0.685358095408741,2.82930840409997
806.273522759594,0.685618734756554,2.83375294320348
807.057521498715,0.685883300531382,2.83819467179585
807.841520237839,0.686151769888178,2.84263359185718
808.625518976961,0.686424120148693,2.84706970545996
809.409517716086,0.686700328800445,2.85150301476744
810.193516455204,0.686980373495815,2.85593352203124
810.977515194329,0.687264232051071,2.86036122958969
811.761513933452,0.687551882445326,2.86478613986585
812.545512672572,0.687843302819688,2.86920825536527
813.329511411692,0.688138471476154,2.8736275786747
814.113510150816,0.688437366876702,2.87804411245983
814.897508889938,0.688739967642262,2.88245785946362
815.681507629062,0.689046252551782,2.88686882250445
816.465506368182,0.689356200541156,2.89127700447454
817.249505107306,0.689669790702293,2.89568240833819
818.033503846428,0.689987002282095,2.90008503712994
818.817502585548,0.690307814681467,2.90448489395308
819.601501324673,0.690632207454308,2.90888198197805
820.385500063794,0.690960160306538,2.9132763044406
821.169498802912,0.691291653095052,2.91766786464056
821.953497542039,0.691626665826786,2.92205666594005
822.73749628116,0.691965178657618,2.92644271176209
823.521495020278,0.692307171891494,2.93082600558894
824.305493759403,0.692652625979315,2.93520655096099
825.089492498528,0.693001521518014,2.93958435147487
825.873491237646,0.693353839249504,2.94395941078235
826.657489976767,0.693709560059719,2.94833173258894
827.441488715891,0.694068664977619,2.95270132065231
828.225487455015,0.694431135174152,2.95706817878124
829.009486194137,0.694796951961319,2.961432310834
829.793484933256,0.695166096791126,2.96579372071738
830.577483672378,0.695538551254654,2.97015241238519
831.361482411502,0.695914297081036,2.97450838983705
832.145481150622,0.696293316136473,2.9788616571172
832.929479889744,0.696675590423251,2.98321221831343
833.713478628868,0.697061102078805,2.98756007755558
834.497477367989,0.697449833374669,2.99190523901469
835.281476107112,0.697841766715579,2.99624770690167
836.065474846232,0.698236884638439,3.00058748546632
836.849473585359,0.698635169811421,3.00492457899607
837.63347232448,0.699036605032899,3.00925899181513
838.417471063601,0.699441173230625,3.01359072828315
839.201469802723,0.699848857460659,3.01791979279442
839.985468541845,0.700259640906468,3.02224618977676
840.769467280965,0.700673506877973,3.02656992369046
841.553466020089,0.701090438810604,3.03089099902743
842.337464759212,0.701510420264344,3.03520942031006
843.121463498335,0.70193343492281,3.03952519209045
843.905462237454,0.702359466592315,3.04383831894933
844.689460976576,0.702788499200932,3.04814880549532
845.473459715697,0.703220516797587,3.05245665636383
846.257458454823,0.703655503551124,3.05676187621637
847.041457193943,0.704093443749385,3.0610644697395
847.825455933064,0.704534321798327,3.06536444164416
848.609454672189,0.704978122221091,3.06966179666475
849.393453411312,0.705424829657108,3.07395653955827
850.177452150434,0.705874428861201,3.07824867510364
850.961450889556,0.706326904702705,3.08253820810081
851.745449628678,0.706782242164551,3.08682514337007
852.529448367798,0.707240426342427,3.09110948575118
853.313447106922,0.70770144244386,3.09539124010283
854.097445846043,0.708165275787374,3.09967041130159
854.881444585163,0.708631911801601,3.10394700424154
855.665443324287,0.709101336024429,3.10822102383343
856.449442063411,0.709573534102153,3.11249247500384
857.233440802528,0.710048491788587,3.11676136269479
858.017439541654,0.710526194944285,3.1210276918629
858.801438280772,0.711006629535622,3.12529146747871
859.585437019899,0.711489781634024,3.12955269452623
860.369435759017,0.711975637415083,3.13381137800203
861.153434498138,0.712464183157766,3.13806752291499
861.937433237262,0.712955405243569,3.14232113428549
862.721431976385,0.71344929015576,3.14657221714458
863.505430715508,0.713945824478459,3.15082077653402
864.289429454631,0.714444994895947,3.15506681750514
865.073428193751,0.714946788191792,3.15931034511857
865.857426932873,0.715451191248098,3.16355136444363
866.641425671995,0.715958191044686,3.16778988055781
867.425424411115,0.716467774658322,3.17202589854622
868.209423150238,0.716979929261955,3.17625942350112
868.993421889361,0.717494642123906,3.18049046052136
869.777420628486,0.718011900607139,3.18471901471195
870.561419367606,0.718531692168457,3.18894509118357
871.345418106727,0.719054004357802,3.19316869505203
872.129416845848,0.719578824817447,3.19738983143793
872.913415584972,0.720106141281292,3.20160850546606
873.697414324093,0.720635941574087,3.20582472226506
874.481413063215,0.721168213610709,3.21003848696703
875.26541180234,0.721702945395457,3.21424980470695
876.049410541459,0.722240125021284,3.2184586806223
876.833409280583,0.722779740669109,3.22266511985287
877.617408019706,0.723321780607085,3.22686912754001
878.401406758824,0.723866233189909,3.23107070882643
879.18540549795,0.724413086858086,3.23526986885599
879.96940423707,0.724962330137252,3.23946661277289
880.75340297619,0.725513951637498,3.24366094572163
881.537401715312,0.726067940052618,3.24785287284671
882.321400454434,0.726624284159514,3.25204239929189
883.105399193559,0.727182972817439,3.25622953020029
883.889397932678,0.727743994967355,3.26041427071373
884.673396671804,0.728307339631285,3.26459662597262
885.457395410927,0.728872995911628,3.26877660111536
886.241394150049,0.729440952990484,3.2729542012784
887.025392889172,0.730011200129045,3.27712943159561
887.809391628291,0.730583726666904,3.28130229719811
888.593390367412,0.731158522021443,3.28547280321403
889.377389106537,0.731735575687178,3.28964095476811
890.161387845657,0.732314877235142,3.29380675698135
890.945386584782,0.732896416312246,3.29797021497099
891.729385323902,0.733480182640635,3.30213133385001
892.513384063022,0.734066166017128,3.30629011872691
893.297382802145,0.734654356312541,3.31044657470563
894.081381541268,0.73524474347113,3.31460070688495
894.865380280393,0.735837317509957,3.31875252035852
895.649379019515,0.736432068518277,3.32290202021463
896.433377758635,0.737028986657017,3.32704921153565
897.217376497754,0.737628062158086,3.33119409939828
898.00137523688,0.738229285323897,3.33533668887291
898.785373976,0.738832646526659,3.33947698502368
899.56937271512,0.739438136207951,3.34361499290797
900.353371454246,0.740045744878046,3.34775071757652
901.137370193364,0.740655463115346,3.35188416407303
901.921368932491,0.741267281565916,3.35601533743397
902.705367671613,0.74188119094281,3.36014424268838
903.489366410736,0.742497182025593,3.36427088485778
904.273365149854,0.743115245659765,3.36839526895588
905.05736388898,0.743735372756259,3.37251739998841
905.841362628098,0.744357554290823,3.37663728295294
906.625361367224,0.744981781303568,3.38075492283884
907.409360106346,0.745608044898378,3.3848703246269
908.193358845463,0.746236336242446,3.38898349328916
908.977357584588,0.746866646565685,3.39309443378915
909.761356323712,0.747498967160269,3.39720315108114
910.54535506283,0.748133289380071,3.40130965011041
911.329353801956,0.748769604640212,3.40541393581301
912.113352541078,0.749407904416514,3.40951601311542
912.8973512802,0.750048180245006,3.41361588693472
913.68135001932,0.750690423721445,3.41771356217819
914.465348758445,0.751334626500817,3.42180904374342
915.249347497564,0.75198078029684,3.42590233651784
916.033346236683,0.752628876881505,3.42999344537895
916.817344975811,0.753278908084584,3.43408237519402
917.60134371493,0.753930865793128,3.4381691308199
918.385342454053,0.754584741951069,3.44225371710302
919.169341193173,0.755240528558649,3.44633613887937
919.953339932296,0.755898217672061,3.45041640097415
920.737338671416,0.756557801402941,3.45449450820169
921.521337410543,0.75721927191788,3.45857046536574
922.305336149663,0.757882621438056,3.46264427725867
923.089334888783,0.758547842238706,3.46671594866206
923.873333627906,0.759214926648733,3.47078548434624
924.657332367031,0.75988386705026,3.47485288907014
925.44133110615,0.760554655878159,3.47891816758142
926.225329845271,0.761227285619649,3.48298132461639
927.009328584398,0.761901748813891,3.48704236489964
927.793327323519,0.762578038051499,3.49110129314419
928.577326062639,0.763256145974167,3.49515811405145
929.361324801758,0.763936065274236,3.499212832311
930.145323540886,0.764617788694309,3.50326545260055
930.929322280006,0.765301309026771,3.50731597958587
931.71332101913,0.765986619113461,3.51136441792079
932.497319758247,0.766673711845212,3.51541077224701
933.281318497368,0.767362580161478,3.51945504719425
934.065317236493,0.768053217049928,3.52349724737997
934.849315975614,0.768745615546063,3.52753737740928
935.633314714736,0.769439768732829,3.53157544187504
936.417313453861,0.770135669740189,3.53561144535791
937.201312192985,0.770833311744806,3.53964539242588
937.985310932104,0.771532687969592,3.54367728763466
938.769309671229,0.77223379168341,3.54770713552736
939.553308410349,0.772936616200625,3.55173494063455
940.33730714947,0.773641154880796,3.55576070747414
941.121305888591,0.774347401128253,3.5597844405515
941.905304627714,0.775055348391786,3.56380614435919
942.689303366836,0.775764990164245,3.56782582337708
943.47330210596,0.776476319982208,3.57184348207223
944.257300845081,0.7771893314256,3.57585912489893
945.041299584205,0.77790401811737,3.57987275629866
945.825298323324,0.778620373723134,3.58388438069984
946.609297062446,0.779338391950813,3.58789400251821
947.393295801572,0.780058066550331,3.5919016261564
948.177294540692,0.78077939131321,3.59590725600409
948.961293279813,0.781502360072301,3.59991089643804
949.745292018939,0.782226966701421,3.60391255182194
950.529290758054,0.782953205114992,3.60791222650639
951.31328949718,0.783681069267804,3.61190992482899
952.0972882363,0.784410553154569,3.61590565111419
952.881286975426,0.785141650809703,3.6198994096734
953.665285714546,0.78587435630695,3.62389120480473
954.449284453671,0.786608663759079,3.6278810407934
955.233283192792,0.787344567317565,3.63186892191127
956.01728193191,0.788082061172308,3.635854852417
956.801280671035,0.788821139551274,3.63983883655633
957.585279410154,0.789561796720236,3.64382087856145
958.369278149277,0.79030402698245,3.64780098265156
959.153276888398,0.791047824678343,3.65177915303258
959.937275627525,0.791793184185243,3.65575539389724
960.721274366641,0.79254009991707,3.6597297094248
961.50527310577,0.793288566324032,3.66370210378171
962.289271844892,0.794038577892344,3.66767258112079
963.073270584014,0.794790129143951,3.67164114558179
963.857269323133,0.795543214636245,3.67560780129109
964.641268062252,0.796297828961749,3.67957255236196
965.425266801378,0.797053966747883,3.68353540289438
966.209265540499,0.797811622656651,3.68749635697488
966.993264279621,0.798570791384353,3.69145541867707
967.77726301874,0.799331467661376,3.69541259206105
968.561261757867,0.800093646251888,3.69936788117374
969.34526049699,0.800857321953523,3.70332129004885
970.129259236106,0.801622489597188,3.70727282270675
970.91325797523,0.802389144046773,3.71122248315478
971.697256714357,0.803157280198875,3.71517027538686
972.481255453472,0.803926892982542,3.71911620338372
973.2652541926,0.804697977359059,3.72306027111299
974.049252931721,0.805470528321622,3.72700248252895
974.833251670842,0.806244540895131,3.73094284157281
975.617250409963,0.807020010135939,3.73488135217258
976.401249149084,0.807796931131606,3.73881801824302
977.185247888205,0.808575299000633,3.74275284368577
977.96924662733,0.809355108892219,3.74668583238944
978.753245366455,0.810136355986045,3.75061698822934
979.537244105572,0.810919035492,3.75454631506773
980.321242844695,0.811703142649994,3.75847381675381
981.105241583818,0.812488672729661,3.76239949712368
981.889240322942,0.813275621030177,3.76632336000029
982.673239062063,0.814063982879991,3.7702454091936
983.457237801186,0.814853753636615,3.77416564850062
984.241236540304,0.815644928686392,3.77808408170519
985.025235279429,0.816437503444289,3.7820007125783
985.809234018548,0.817231473353647,3.78591554487774
986.593232757674,0.818026833885963,3.78982858234863
987.377231496795,0.818823580540664,3.79373982872295
988.161230235915,0.81962170884493,3.79764928771984
988.945228975036,0.820421214353443,3.8015569630455
989.729227714163,0.821222092648171,3.80546285839335